{
    "MOD_ARMOR": [
        4,
        0
    ],
    "MOD_BRAKES": [
        2,
        0
    ],
    "MOD_ENGINE": [
        3,
        0
    ],
    "MOD_EXHAUST": [
        3,
        0
    ],
    "MOD_FENDER": [
        0,
        0
    ],
    "MOD_FRAME": [
        4,
        0
    ],
    "MOD_FRONTBUMPER": [
        2,
        0
    ],
    "MOD_FRONTWHEEL": [
        19,
        0
    ],
    "MOD_GRILLE": [
        9,
        0
    ],
    "MOD_HOOD": [
        8,
        0
    ],
    "MOD_HORNS": [
        44,
        0
    ],
    "MOD_REARBUMPER": [
        1,
        0
    ],
    "MOD_RIGHTFENDER": [
        0,
        0
    ],
    "MOD_ROOF": [
        10,
        0
    ],
    "MOD_SIDESKIRT": [
        9,
        0
    ],
    "MOD_SPOILERS": [
        9,
        0
    ],
    "MOD_SUSPENSION": [
        0,
        0
    ],
    "MOD_TRANSMISSION": [
        2,
        0
    ],
    "MOD_TURBO": "TOGGLE",
    "clan_logo": 0,
    "custom_primary_color": [
        202,
        20,
        20
    ],
    "custom_secondary_color": [
        255,
        255,
        255
    ],
    "dash_color": 1,
    "drift_tires": 0,
    "has_collision": true,
    "headlight_color": 255,
    "interior_color": 160,
    "is_visible": true,
    "model_attachments": [],
    "neon_color": [
        0,
        0,
        0
    ],
    "neon_lights": [
        false,
        false,
        false,
        false
    ],
    "pearlescent_color": 160,
    "plate_text": "SEXY1337",
    "plate_text_index": 1,
    "primary_color": 116,
    "radio_station": "OFF",
    "secondary_color": 12,
    "tire_can_burst": 1,
    "vehicle_attachments": [],
    "vehicle_extras": [],
    "vehicle_model_hash": 3308022675,
    "vehicle_window_tint": 1,
    "wheel_color": 5,
    "wheel_type": 10
}