{
    "MOD_ARMOR": [
        4,
        0
    ],
    "MOD_BRAKES": [
        2,
        0
    ],
    "MOD_ENGINE": [
        3,
        0
    ],
    "MOD_EXHAUST": [
        2,
        0
    ],
    "MOD_FENDER": [
        7,
        0
    ],
    "MOD_FRONTBUMPER": [
        0,
        0
    ],
    "MOD_FRONTWHEEL": [
        5,
        0
    ],
    "MOD_GRILLE": [
        5,
        0
    ],
    "MOD_HOOD": [
        1,
        0
    ],
    "MOD_LIVERY": [
        0,
        0
    ],
    "MOD_REARBUMPER": [
        12,
        0
    ],
    "MOD_ROOF": [
        7,
        0
    ],
    "MOD_SPOILERS": [
        7,
        0
    ],
    "MOD_SUSPENSION": [
        3,
        0
    ],
    "MOD_TRANSMISSION": [
        2,
        0
    ],
    "MOD_TRIMDESIGN": [
        2,
        0
    ],
    "MOD_TURBO": "TOGGLE",
    "MOD_VANITYPLATES": [
        4,
        0
    ],
    "MOD_WINDOWS": [
        1,
        0
    ],
    "clan_logo": 0,
    "convertable_state": 2,
    "custom_primary_color": [
        0,
        0,
        0
    ],
    "custom_secondary_color": [
        255,
        255,
        255
    ],
    "dash_color": 1,
    "drift_tires": 0,
    "has_collision": true,
    "headlight_color": 255,
    "interior_color": 111,
    "is_visible": true,
    "model_attachments": [],
    "neon_color": [
        0,
        0,
        0
    ],
    "neon_lights": [
        false,
        false,
        false,
        false
    ],
    "pearlescent_color": 28,
    "plate_text": " RADAHN ",
    "plate_text_index": 0,
    "primary_color": 28,
    "radio_station": "OFF",
    "secondary_color": 28,
    "tire_can_burst": 0,
    "vehicle_attachments": [],
    "vehicle_extras": [],
    "vehicle_model_hash": 3842363289,
    "vehicle_window_tint": 1,
    "wheel_color": 134,
    "wheel_type": 10
}